,GERP++RS,polyphen2_HVAR_score,polyphen2_HDIV_score,sift_score,metaSVM_score,alphamissense_score,metaRNN_score,metaLR_score,CADD_phred,varity_r_score,gnomad_ex_AF,gnomad_ge_AF,ExAC_AF,allele_AF
GERP++RS,1.0,0.5738190417570045,0.7249872198892167,-0.2133682611487414,,,,,0.02237858214905124,,,,,
polyphen2_HVAR_score,0.5738190417570045,1.0,1.0,-0.9369603710094175,,,,,0.257682582357545,,,,,
polyphen2_HDIV_score,0.7249872198892167,1.0,1.0,-0.9341352726274827,,,,,0.28324480013649833,,,,,
sift_score,-0.2133682611487414,-0.9369603710094175,-0.9341352726274827,1.0,,,,,-0.3030213095055574,,,,,
metaSVM_score,,,,,1.0,,,,,,,,,
alphamissense_score,,,,,,,,,,,,,,
metaRNN_score,,,,,,,,,,,,,,
metaLR_score,,,,,,,,,,,,,,
CADD_phred,0.02237858214905124,0.257682582357545,0.28324480013649833,-0.3030213095055574,,,,,1.0,,,,,
varity_r_score,,,,,,,,,,,,,,
gnomad_ex_AF,,,,,,,,,,,,,,
gnomad_ge_AF,,,,,,,,,,,,,,
ExAC_AF,,,,,,,,,,,,,,
allele_AF,,,,,,,,,,,,,,
